{
    "name": "root",
    "gauges": {
        "PushAgent.Policy.Entropy.mean": {
            "value": 1.4078782796859741,
            "min": 1.4078782796859741,
            "max": 1.4189382791519165,
            "count": 4
        },
        "PushAgent.Policy.Entropy.sum": {
            "value": 14077.375,
            "min": 14047.6826171875,
            "max": 14189.3828125,
            "count": 4
        },
        "PushAgent.Step.mean": {
            "value": 39940.0,
            "min": 9960.0,
            "max": 39940.0,
            "count": 4
        },
        "PushAgent.Step.sum": {
            "value": 39940.0,
            "min": 9960.0,
            "max": 39940.0,
            "count": 4
        },
        "PushAgent.Policy.ExtrinsicValueEstimate.mean": {
            "value": -0.11885207891464233,
            "min": -1.3752059936523438,
            "max": -0.0921156033873558,
            "count": 4
        },
        "PushAgent.Policy.ExtrinsicValueEstimate.sum": {
            "value": -19.96714973449707,
            "min": -218.65774536132812,
            "max": -14.830612182617188,
            "count": 4
        },
        "PushAgent.Environment.EpisodeLength.mean": {
            "value": 487.3333333333333,
            "min": 487.3333333333333,
            "max": 999.0,
            "count": 4
        },
        "PushAgent.Environment.EpisodeLength.sum": {
            "value": 10234.0,
            "min": 9328.0,
            "max": 10333.0,
            "count": 4
        },
        "PushAgent.Environment.CumulativeReward.mean": {
            "value": 8.45231214429008,
            "min": -0.1238299874174926,
            "max": 8.45231214429008,
            "count": 4
        },
        "PushAgent.Environment.CumulativeReward.sum": {
            "value": 177.49855503009167,
            "min": -1.1144698867574334,
            "max": 177.49855503009167,
            "count": 4
        },
        "PushAgent.Policy.ExtrinsicReward.mean": {
            "value": 8.45231214429008,
            "min": -0.1238299874174926,
            "max": 8.45231214429008,
            "count": 4
        },
        "PushAgent.Policy.ExtrinsicReward.sum": {
            "value": 177.49855503009167,
            "min": -1.1144698867574334,
            "max": 177.49855503009167,
            "count": 4
        },
        "PushAgent.IsTraining.mean": {
            "value": 1.0,
            "min": 1.0,
            "max": 1.0,
            "count": 4
        },
        "PushAgent.IsTraining.sum": {
            "value": 1.0,
            "min": 1.0,
            "max": 1.0,
            "count": 4
        },
        "PushAgent.Losses.PolicyLoss.mean": {
            "value": 0.09788275600067531,
            "min": 0.09539138447533158,
            "max": 0.0981269459213718,
            "count": 3
        },
        "PushAgent.Losses.PolicyLoss.sum": {
            "value": 0.09788275600067531,
            "min": 0.09539138447533158,
            "max": 0.0981269459213718,
            "count": 3
        },
        "PushAgent.Losses.ValueLoss.mean": {
            "value": 1.095118482524516,
            "min": 0.025037952454377572,
            "max": 1.095118482524516,
            "count": 3
        },
        "PushAgent.Losses.ValueLoss.sum": {
            "value": 1.095118482524516,
            "min": 0.025037952454377572,
            "max": 1.095118482524516,
            "count": 3
        },
        "PushAgent.Policy.LearningRate.mean": {
            "value": 0.0002783304072232,
            "min": 0.0002783304072232,
            "max": 0.00029276160241280003,
            "count": 3
        },
        "PushAgent.Policy.LearningRate.sum": {
            "value": 0.0002783304072232,
            "min": 0.0002783304072232,
            "max": 0.00029276160241280003,
            "count": 3
        },
        "PushAgent.Policy.Epsilon.mean": {
            "value": 0.19277680000000005,
            "min": 0.19277680000000005,
            "max": 0.19758720000000005,
            "count": 3
        },
        "PushAgent.Policy.Epsilon.sum": {
            "value": 0.19277680000000005,
            "min": 0.19277680000000005,
            "max": 0.19758720000000005,
            "count": 3
        },
        "PushAgent.Policy.Beta.mean": {
            "value": 0.0004646063199999999,
            "min": 0.0004646063199999999,
            "max": 0.0004881772799999999,
            "count": 3
        },
        "PushAgent.Policy.Beta.sum": {
            "value": 0.0004646063199999999,
            "min": 0.0004646063199999999,
            "max": 0.0004881772799999999,
            "count": 3
        }
    },
    "metadata": {
        "timer_format_version": "0.1.0",
        "start_time_seconds": "1781843147",
        "python_version": "3.10.11 (tags/v3.10.11:7d4cc5a, Apr  5 2023, 00:38:17) [MSC v.1929 64 bit (AMD64)]",
        "command_line_arguments": "C:\\Users\\tybin\\AppData\\Local\\Programs\\Python\\Python310\\Scripts\\mlagents-learn config/PushAgent.yaml --run-id=PushAgent10",
        "mlagents_version": "1.1.0",
        "mlagents_envs_version": "1.1.0",
        "communication_protocol_version": "1.5.0",
        "pytorch_version": "2.12.1+cpu",
        "numpy_version": "1.23.5",
        "end_time_seconds": "1781843244"
    },
    "total": 96.99994619999961,
    "count": 1,
    "self": 0.0047884000014164485,
    "children": {
        "run_training.setup": {
            "total": 0.07495959999869228,
            "count": 1,
            "self": 0.07495959999869228
        },
        "TrainerController.start_learning": {
            "total": 96.9201981999995,
            "count": 1,
            "self": 0.31762340001114353,
            "children": {
                "TrainerController._reset_env": {
                    "total": 12.418530700000701,
                    "count": 1,
                    "self": 12.418530700000701
                },
                "TrainerController.advance": {
                    "total": 84.17384149998725,
                    "count": 44441,
                    "self": 0.29250820012202894,
                    "children": {
                        "env_step": {
                            "total": 76.16369479985951,
                            "count": 44441,
                            "self": 62.48723020001489,
                            "children": {
                                "SubprocessEnvManager._take_step": {
                                    "total": 13.44992320009078,
                                    "count": 44441,
                                    "self": 1.0288720002754417,
                                    "children": {
                                        "TorchPolicy.evaluate": {
                                            "total": 12.421051199815338,
                                            "count": 44441,
                                            "self": 12.421051199815338
                                        }
                                    }
                                },
                                "workers": {
                                    "total": 0.2265413997538417,
                                    "count": 44440,
                                    "self": 0.0,
                                    "children": {
                                        "worker_root": {
                                            "total": 85.11969970013706,
                                            "count": 44440,
                                            "is_parallel": true,
                                            "self": 43.1751201001407,
                                            "children": {
                                                "steps_from_proto": {
                                                    "total": 0.00020320000112405978,
                                                    "count": 1,
                                                    "is_parallel": true,