{"count":1,"self":173.18737919999998,"total":175.63479189999998,"children":{"InitializeActuators":{"count":1,"self":0.0010045,"total":0.0010045,"children":null},"InitializeSensors":{"count":1,"self":0.00050599999999999994,"total":0.00050599999999999994,"children":null},"AgentSendState":{"count":8539,"self":0.027124199999999998,"total":0.061748399999999995,"children":{"CollectObservations":{"count":8539,"self":0.015047999999999999,"total":0.015047999999999999,"children":null},"WriteActionMask":{"count":8539,"self":0.0035258,"total":0.0035258,"children":null},"RequestDecision":{"count":8539,"self":0.0160504,"total":0.0160504,"children":null}}},"DecideAction":{"count":8539,"self":2.3288995999999997,"total":2.3288995999999997,"children":null},"AgentAct":{"count":8539,"self":0.055256799999999995,"total":0.055256799999999995,"children":null}},"gauges":{"PushAgent.CumulativeReward":{"count":9,"max":28.1551647,"min":23.3970928,"runningAverage":26.2035179,"value":25.229084,"weightedAverage":26.569046}},"metadata":{"timer_format_version":"0.1.0","start_time_seconds":"1782141243","unity_version":"2022.3.27f1","command_line_arguments":"C:\\Program Files\\Unity\\Hub\\Editor\\2022.3.27f1\\Editor\\Unity.exe -projectpath D:\\Documents\\University\\Year 3\\AI for Games\\PuzzleAI -acceptSoftwareTermsForThisRunOnly -useHub -hubIPC -cloudEnvironment production -licensingIpc LicenseClient-Ty -hubSessionId 5888386e-31c0-4045-abb4-913220babf9c -accessToken QQr_pu5bygXV1kPkt2Lnj0YB_pEchXf2SgLwKz_GAGc005f","communication_protocol_version":"1.5.0","com.unity.ml-agents_version":"2.0.2","scene_name":"Level","end_time_seconds":"1782141419"}}