{
    "name": "root",
    "metadata": {
        "timer_format_version": "0.1.0",
        "start_time_seconds": "1781923778",
        "python_version": "3.10.11 (tags/v3.10.11:7d4cc5a, Apr  5 2023, 00:38:17) [MSC v.1929 64 bit (AMD64)]",
        "command_line_arguments": "C:\\Users\\tybin\\AppData\\Local\\Programs\\Python\\Python310\\Scripts\\mlagents-learn config/PushAgent.yaml --run-id=PushAgent22",
        "mlagents_version": "1.1.0",
        "mlagents_envs_version": "1.1.0",
        "communication_protocol_version": "1.5.0",
        "pytorch_version": "2.1.1+cpu",
        "numpy_version": "1.23.5",
        "end_time_seconds": "1781923813"
    },
    "total": 34.43572330000461,
    "count": 1,
    "self": 0.007775799997034483,
    "children": {
        "run_training.setup": {
            "total": 0.08213760000944603,
            "count": 1,
            "self": 0.08213760000944603
        },
        "TrainerController.start_learning": {
            "total": 34.34580989999813,
            "count": 1,
            "self": 0.07624370005214587,
            "children": {
                "TrainerController._reset_env": {
                    "total": 16.799295399992843,
                    "count": 1,
                    "self": 16.799295399992843
                },
                "TrainerController.advance": {
                    "total": 17.20054889997118,
                    "count": 9456,
                    "self": 0.07233869924675673,
                    "children": {
                        "env_step": {
                            "total": 16.619637600364513,
                            "count": 9456,
                            "self": 13.091371300790343,
                            "children": {
                                "SubprocessEnvManager._take_step": {
                                    "total": 3.4758805003075395,
                                    "count": 9456,
                                    "self": 0.2678005000198027,
                                    "children": {
                                        "TorchPolicy.evaluate": {
                                            "total": 3.2080800002877368,
                                            "count": 9456,
                                            "self": 3.2080800002877368
                                        }
                                    }
                                },
                                "workers": {
                                    "total": 0.052385799266630784,
                                    "count": 9455,
                                    "self": 0.0,
                                    "children": {
                                        "worker_root": {
                                            "total": 18.010323699985747,
                                            "count": 9455,
                                            "is_parallel": true,
                                            "self": 9.747102699853713,
                                            "children": {
                                                "steps_from_proto": {
                                                    "total": 0.00018509999790694565,
                                                    "count": 1,
                                                    "is_parallel": true,
                                                    "self": 5.9200014220550656e-05,
                                                    "children": {
                                                        "_process_rank_one_or_two_observation": {
                                                            "total": 0.000125899983686395,
                                                            "count": 2,
                                                            "is_parallel": true,
                                                            "self": 0.000125899983686395
                                                        }
                                                    }
                                                },
                                                "UnityEnvironment.step": {
                                                    "total": 8.263035900134128,
                                                    "count": 9455,
                                                    "is_parallel": true,
                                                    "self": 0.35885280070942827,
                                                    "children": {
                                                        "UnityEnvironment._generate_step_input": {
                                                            "total": 0.3260790997737786,
                                                            "count": 9455,
                                                            "is_parallel": true,
                                                            "self": 0.3260790997737786
                                                        },
                                                        "communicator.exchange": {
                                                            "total": 6.792310400123824,
                                                            "count": 9455,
                                                            "is_parallel": true,
                                                            "self": 6.792310400123824
                                                        },
                                                        "steps_from_proto": {
                                                            "total": 0.7857935995270964,
                                                            "count": 9455,
                                                            "is_parallel": true,
                                                            "self": 0.35442110046278685,
                                                            "children": {
                                                                "_process_rank_one_or_two_observation": {
                                                                    "total": 0.4313724990643095,
                                                                    "count": 18910,
                                                                    "is_parallel": true,
                                                                    "self": 0.4313724990643095
                                                                }
                                                            }
                                                        }
                                                    }
                                                }
                                            }
                                        }
                                    }
                                }
                            }
                        },
                        "trainer_advance": {
                            "total": 0.508572600359912,
                            "count": 9455,
                            "self": 0.07323430108954199,
                            "children": {
                                "process_trajectory": {
                                    "total": 0.43533829927037004,
                                    "count": 9455,
                                    "self": 0.43533829927037004
                                }
                            }
                        }
                    }
                },
                "trainer_threads": {
                    "total": 7.999915396794677e-07,
                    "count": 1,
                    "self": 7.999915396794677e-07
                },
                "TrainerController._save_models": {
                    "total": 0.26972109999042004,
                    "count": 1,
                    "self": 0.008411399991018698,